[{"id": "59428b45-8bc1-4c2e-ab97-4f2e4e68cd20", "data": [{"text": "I have no money", "userDefined": false}], "isTemplate": false, "count": 0, "lang": "en", "updated": 0}, {"id": "4a4fffc6-c51f-451b-ac24-b24a554e1208", "data": [{"text": "I do not work", "userDefined": false}], "isTemplate": false, "count": 0, "lang": "en", "updated": 0}, {"id": "769388a7-5952-405b-9ebd-8660437b9aee", "data": [{"text": "I earn nothing", "userDefined": false}], "isTemplate": false, "count": 0, "lang": "en", "updated": 0}, {"id": "bc71f236-2d34-4895-b133-6054f7c8d18d", "data": [{"text": "My yearly salary is ", "userDefined": false}, {"text": "19000 dollars", "meta": "@sys.unit-currency", "alias": "unit-currency", "userDefined": false}], "isTemplate": false, "count": 0, "lang": "en", "updated": 0}, {"id": "f01f31ef-4262-467a-8308-f6b5d13cf80d", "data": [{"text": "My monthly salary is ", "userDefined": false}, {"text": "1350 euros", "meta": "@sys.unit-currency", "alias": "unit-currency", "userDefined": false}], "isTemplate": false, "count": 0, "lang": "en", "updated": 0}, {"id": "0ce52595-1ba2-4150-bb95-f8adc29f6e2a", "data": [{"text": "I earn ", "userDefined": false}, {"text": "18000 dollars", "meta": "@sys.unit-currency", "alias": "unit-currency", "userDefined": false}, {"text": " per year", "userDefined": false}], "isTemplate": false, "count": 0, "lang": "en", "updated": 0}, {"id": "134fe140-3ad5-4417-9763-9d021abe084d", "data": [{"text": "I earn ", "userDefined": false}, {"text": "15000 euros", "meta": "@sys.unit-currency", "alias": "unit-currency", "userDefined": false}, {"text": " per year", "userDefined": false}], "isTemplate": false, "count": 0, "lang": "en", "updated": 0}, {"id": "d29ba4dd-e752-4757-a9e8-4308d6b93c07", "data": [{"text": "I earn ", "userDefined": false}, {"text": "2300 dollars", "meta": "@sys.unit-currency", "alias": "unit-currency", "userDefined": false}, {"text": " per month", "userDefined": false}], "isTemplate": false, "count": 0, "lang": "en", "updated": 0}, {"id": "b7a34508-c4b6-44b4-bf28-db324489a5e4", "data": [{"text": "I earn ", "userDefined": false}, {"text": "1200 euros", "meta": "@sys.unit-currency", "alias": "unit-currency", "userDefined": false}, {"text": " per month", "userDefined": false}], "isTemplate": false, "count": 0, "lang": "en", "updated": 0}]