[{"id": "c5a7bf18-83ca-4e57-8fc8-4bee864c5bbf", "data": [{"text": "How can I commit suicide", "userDefined": false}], "isTemplate": false, "count": 0, "lang": "en", "updated": 0}, {"id": "dbd0dbb4-109e-417d-98a4-83370c5f6da9", "data": [{"text": "How can I kill myself", "userDefined": false}], "isTemplate": false, "count": 0, "lang": "en", "updated": 0}, {"id": "7bf45379-da7d-4f39-bb01-c1dcf50dfcb1", "data": [{"text": "I want to come to an end with my life", "userDefined": false}], "isTemplate": false, "count": 0, "lang": "en", "updated": 0}, {"id": "8d104746-2e23-43c4-8b58-291bd94b1a30", "data": [{"text": "I want to come to an end with this life", "userDefined": false}], "isTemplate": false, "count": 0, "lang": "en", "updated": 0}, {"id": "668fb883-57f1-4554-bff1-83a5a0b7249f", "data": [{"text": "I cannot survive", "userDefined": false}], "isTemplate": false, "count": 0, "lang": "en", "updated": 0}, {"id": "ae0ed533-07aa-43c2-8a31-17af4e740583", "data": [{"text": "I will kill me", "userDefined": false}], "isTemplate": false, "count": 0, "lang": "en", "updated": 0}]