[{"id": "c95d95ad-1711-43a5-94d2-b95c7e6d416c", "data": [{"text": "just going to say hi", "userDefined": false}], "isTemplate": false, "count": 0, "lang": "en", "updated": 0}, {"id": "d6c73905-7656-4bd3-9290-224fa5536fd9", "data": [{"text": "heya", "userDefined": false}], "isTemplate": false, "count": 0, "lang": "en", "updated": 0}, {"id": "ec91ebed-4c9a-4d9a-847a-77fb41f16f6a", "data": [{"text": "hello hi", "userDefined": false}], "isTemplate": false, "count": 0, "lang": "en", "updated": 0}, {"id": "fbd9816d-3cea-4443-a246-099375ac15e1", "data": [{"text": "howdy", "userDefined": false}], "isTemplate": false, "count": 0, "lang": "en", "updated": 0}, {"id": "c4071c42-ea0a-47db-980e-b0b03b1ad960", "data": [{"text": "hey there", "userDefined": false}], "isTemplate": false, "count": 0, "lang": "en", "updated": 0}, {"id": "ddc90cb1-6354-4952-8a1a-ed18027c4aa9", "data": [{"text": "hi there", "userDefined": false}], "isTemplate": false, "count": 1, "lang": "en", "updated": 0}, {"id": "4b0433cc-f2ea-47fe-83db-0ed782c079a8", "data": [{"text": "greetings", "userDefined": false}], "isTemplate": false, "count": 0, "lang": "en", "updated": 0}, {"id": "581bd46f-c0ed-4cce-a95c-9fb43aa293ab", "data": [{"text": "hey", "userDefined": false}], "isTemplate": false, "count": 0, "lang": "en", "updated": 0}, {"id": "c5db0180-b909-4683-828d-2cb9fceca328", "data": [{"text": "long time no see", "userDefined": false}], "isTemplate": false, "count": 0, "lang": "en", "updated": 0}, {"id": "f1077474-9ffa-4535-b38b-069b9814dd92", "data": [{"text": "hello", "userDefined": false}], "isTemplate": false, "count": 0, "lang": "en", "updated": 0}, {"id": "79bec455-87f3-40fa-a69a-3e8334ce6fdd", "data": [{"text": "lovely day isn't it", "userDefined": false}], "isTemplate": false, "count": 0, "lang": "en", "updated": 0}, {"id": "a217430f-5f2e-4479-b4bf-72a3959b9333", "data": [{"text": "I greet you", "userDefined": false}], "isTemplate": false, "count": 0, "lang": "en", "updated": 0}, {"id": "32c8e8c0-ff55-417c-8282-311eb08ff16d", "data": [{"text": "hello again", "userDefined": false}], "isTemplate": false, "count": 0, "lang": "en", "updated": 0}, {"id": "35874bf8-cb57-4220-9b65-7aae148416e5", "data": [{"text": "hi", "userDefined": false}], "isTemplate": false, "count": 0, "lang": "en", "updated": 0}, {"id": "3dbec511-d5c7-4114-86f4-e5936ba00949", "data": [{"text": "hello there", "userDefined": false}], "isTemplate": false, "count": 0, "lang": "en", "updated": 0}, {"id": "67a67142-42ea-4e21-aff7-21b3cb4c4fb8", "data": [{"text": "a good day", "userDefined": false}], "isTemplate": false, "count": 0, "lang": "en", "updated": 0}]