[{"id": "71eed2d2-ef62-4017-a1ad-7890035d133c", "data": [{"text": "I have ", "userDefined": false}, {"text": "1", "meta": "@sys.number", "alias": "number", "userDefined": false}, {"text": " son", "userDefined": false}], "isTemplate": false, "count": 0, "lang": "en", "updated": 0}, {"id": "82c07990-c6bc-4ac4-842e-af4ecfa41f35", "data": [{"text": "We have ", "userDefined": false}, {"text": "3", "meta": "@sys.number", "alias": "number", "userDefined": false}, {"text": " sons", "userDefined": false}], "isTemplate": false, "count": 0, "lang": "en", "updated": 0}, {"id": "64abba90-d37d-476a-8e8e-5ec9dffd5d41", "data": [{"text": "I have ", "userDefined": false}, {"text": "2", "meta": "@sys.number", "alias": "number", "userDefined": false}, {"text": " children", "userDefined": false}], "isTemplate": false, "count": 0, "lang": "en", "updated": 0}, {"id": "43351015-968b-4399-947c-d80b3e5a30a5", "data": [{"text": "I have no children", "userDefined": false}], "isTemplate": false, "count": 0, "lang": "en", "updated": 0}, {"id": "0bcc5941-a883-46c4-89e7-9558d18e9693", "data": [{"text": "No", "userDefined": false}], "isTemplate": false, "count": 0, "lang": "en", "updated": 0}, {"id": "62e7050d-d5d2-4658-b1ab-438a08fe5a11", "data": [{"text": "We have ", "userDefined": false}, {"text": "3", "meta": "@sys.number", "alias": "number", "userDefined": false}, {"text": " children", "userDefined": false}], "isTemplate": false, "count": 0, "lang": "en", "updated": 0}]