[
  {
    "id": "31c9e97d-3114-4723-b779-b9804346ccac",
    "data": [
      {
        "text": "I am afraid",
        "userDefined": false
      }
    ],
    "isTemplate": false,
    "count": 0,
    "lang": "en",
    "updated": 0
  },
  {
    "id": "5822c536-5afd-4fbc-8dbb-c9f5d45e6b2d",
    "data": [
      {
        "text": "I am a victim of violence",
        "userDefined": false
      }
    ],
    "isTemplate": false,
    "count": 0,
    "lang": "en",
    "updated": 0
  },
  {
    "id": "ead8c659-fc73-4878-934c-6ac989873f5b",
    "data": [
      {
        "text": "I cannot bear this situation any longer",
        "userDefined": false
      }
    ],
    "isTemplate": false,
    "count": 0,
    "lang": "en",
    "updated": 0
  },
  {
    "id": "d859aa77-bccf-43b2-9223-7d41b3830af9",
    "data": [
      {
        "text": "I feel not safe",
        "userDefined": false
      }
    ],
    "isTemplate": false,
    "count": 0,
    "lang": "en",
    "updated": 0
  },
  {
    "id": "ab874b54-852f-4a3b-9a8a-f2fae661f892",
    "data": [
      {
        "text": "I need a place to hide",
        "userDefined": false
      }
    ],
    "isTemplate": false,
    "count": 0,
    "lang": "en",
    "updated": 0
  },
  {
    "id": "ba6d1ad0-893b-4f2a-b12d-6f823117abb2",
    "data": [
      {
        "text": "I need to hide",
        "userDefined": false
      }
    ],
    "isTemplate": false,
    "count": 0,
    "lang": "en",
    "updated": 0
  },
  {
    "id": "8c0df11f-6569-4fc6-8f54-fc86f32567f0",
    "data": [
      {
        "text": "I need to escape",
        "userDefined": false
      }
    ],
    "isTemplate": false,
    "count": 0,
    "lang": "en",
    "updated": 0
  },
  {
    "id": "a70794c5-cb7c-4446-9949-3f31f04aca10",
    "data": [
      {
        "text": "I do not know where to hide",
        "userDefined": false
      }
    ],
    "isTemplate": false,
    "count": 0,
    "lang": "en",
    "updated": 0
  },
  {
    "id": "85bdf6ad-100f-44d4-bdc4-4ae050ce58e4",
    "data": [
      {
        "text": "I do not know where to stay",
        "userDefined": false
      }
    ],
    "isTemplate": false,
    "count": 0,
    "lang": "en",
    "updated": 0
  },
  {
    "id": "6de2249d-7507-4fdb-b8a9-76b7118ed220",
    "data": [
      {
        "text": "I do not know what to do",
        "userDefined": false
      }
    ],
    "isTemplate": false,
    "count": 0,
    "lang": "en",
    "updated": 0
  },
  {
    "id": "e32b4320-5512-4787-a386-538e6f9c8ae9",
    "data": [
      {
        "text": "I need help",
        "userDefined": false
      }
    ],
    "isTemplate": false,
    "count": 0,
    "lang": "en",
    "updated": 0
  }
]