[
  {
    "id": "f4a58c67-2e1a-45f6-9de3-06898dbc5288",
    "data": [
      {
        "text": "See you",
        "userDefined": false
      }
    ],
    "isTemplate": false,
    "count": 0,
    "lang": "en",
    "updated": 0
  },
  {
    "id": "4b01a56e-3921-4373-b66a-fa0442cb1d84",
    "data": [
      {
        "text": "Goodbye",
        "userDefined": false
      }
    ],
    "isTemplate": false,
    "count": 0,
    "lang": "en",
    "updated": 0
  },
  {
    "id": "d74cd376-35f9-420b-a344-a610f2c4239b",
    "data": [
      {
        "text": "Bye",
        "userDefined": false
      }
    ],
    "isTemplate": false,
    "count": 0,
    "lang": "en",
    "updated": 0
  }
]