[{"id": "fd028a1c-b800-4e2e-a42a-36824f44fe53", "data": [{"text": "just going to say hi", "userDefined": false}], "isTemplate": false, "count": 0, "lang": "en", "updated": 0}, {"id": "3b3cd4d3-ec07-420e-a36b-e3e15892d369", "data": [{"text": "heya", "userDefined": false}], "isTemplate": false, "count": 0, "lang": "en", "updated": 0}, {"id": "88f4bb39-81bb-4101-9622-1c851894de8c", "data": [{"text": "hello hi", "userDefined": false}], "isTemplate": false, "count": 0, "lang": "en", "updated": 0}, {"id": "d8ccff54-2535-4902-8813-2fe0bb6281b0", "data": [{"text": "howdy", "userDefined": false}], "isTemplate": false, "count": 0, "lang": "en", "updated": 0}, {"id": "9069d82d-4614-4ce2-873c-ad8091146a65", "data": [{"text": "hey there", "userDefined": false}], "isTemplate": false, "count": 0, "lang": "en", "updated": 0}, {"id": "f306721b-438a-4d06-9877-e608b0cb7a4d", "data": [{"text": "hi there", "userDefined": false}], "isTemplate": false, "count": 1, "lang": "en", "updated": 0}, {"id": "c644e3bb-87d9-4791-b1b7-b20a19843edb", "data": [{"text": "greetings", "userDefined": false}], "isTemplate": false, "count": 0, "lang": "en", "updated": 0}, {"id": "871b3f39-a95c-421b-9984-f05ff36947b7", "data": [{"text": "hey", "userDefined": false}], "isTemplate": false, "count": 0, "lang": "en", "updated": 0}, {"id": "7c19a9d7-9460-4522-ab20-be9cfb5401ae", "data": [{"text": "long time no see", "userDefined": false}], "isTemplate": false, "count": 0, "lang": "en", "updated": 0}, {"id": "886c40dc-5c93-4367-94a2-5c8fdf321f93", "data": [{"text": "hello", "userDefined": false}], "isTemplate": false, "count": 0, "lang": "en", "updated": 0}, {"id": "7412cc6a-1290-4c6d-b231-8006400ad840", "data": [{"text": "lovely day isn't it", "userDefined": false}], "isTemplate": false, "count": 0, "lang": "en", "updated": 0}, {"id": "990ba611-4110-43b4-bf70-47c2d3d45eea", "data": [{"text": "I greet you", "userDefined": false}], "isTemplate": false, "count": 0, "lang": "en", "updated": 0}, {"id": "701393f5-6512-432d-b612-3b7168e35d46", "data": [{"text": "hello again", "userDefined": false}], "isTemplate": false, "count": 0, "lang": "en", "updated": 0}, {"id": "4a79d63c-3054-4c61-ae97-364cbcb03f48", "data": [{"text": "hi", "userDefined": false}], "isTemplate": false, "count": 0, "lang": "en", "updated": 0}, {"id": "4bbe752c-c5c5-4a1a-a85c-ebd89267aef8", "data": [{"text": "hello there", "userDefined": false}], "isTemplate": false, "count": 0, "lang": "en", "updated": 0}, {"id": "fbe3875b-eef9-4590-8107-571ed0a04150", "data": [{"text": "a good day", "userDefined": false}], "isTemplate": false, "count": 0, "lang": "en", "updated": 0}]