[{"id": "8eb8ac5c-4eea-46b9-a9e0-06b696e385ac", "data": [{"text": "Add a ", "userDefined": false}, {"text": "ABB IRB 2600", "meta": "@Object", "alias": "objName", "userDefined": false}, {"text": " ", "userDefined": false}, {"text": "left of", "meta": "@Object", "alias": "posX", "userDefined": false}, {"text": " ", "userDefined": false}, {"text": "Yaskawa MA20100", "meta": "@Object", "alias": "posY", "userDefined": true}], "isTemplate": false, "count": 0, "lang": "en", "updated": 0}, {"id": "d35a3ff2-08cb-4102-bfa5-d7c393c76fc8", "data": [{"text": "Insert a ", "userDefined": false}, {"text": "Yaskawa MPL80II", "meta": "@Object", "alias": "objName", "userDefined": true}], "isTemplate": false, "count": 0, "lang": "en", "updated": 0}, {"id": "84a4524b-8fc0-4eba-bc81-d71ab090f0fb", "data": [{"text": "Add a ", "userDefined": false}, {"text": "Yaskawa MA2010", "meta": "@Object", "alias": "objName", "userDefined": true}], "isTemplate": false, "count": 0, "lang": "en", "updated": 0}, {"id": "9640d157-b664-4ae7-8558-a970251a55bb", "data": [{"text": "Insert a ", "userDefined": false}, {"text": "Yaskawa ES200RD", "meta": "@Object", "alias": "objName", "userDefined": true}], "isTemplate": false, "count": 0, "lang": "en", "updated": 0}, {"id": "9da8b3c0-c002-4d6d-a61a-5251fdc8ff5b", "data": [{"text": "Add a ", "userDefined": false}, {"text": "Kuka KR120 R2500 Pro", "meta": "@Object", "alias": "objName", "userDefined": true}], "isTemplate": false, "count": 0, "lang": "en", "updated": 0}, {"id": "642f28b0-293a-4683-91a0-4b85af676f3e", "data": [{"text": "Add a ", "userDefined": false}, {"text": "Kuka KR90 R3700 K prime", "meta": "@Object", "alias": "objName", "userDefined": true}], "isTemplate": false, "count": 0, "lang": "en", "updated": 0}, {"id": "2d065da8-fc86-4bf8-9557-199c6b6752e3", "data": [{"text": "Add a ", "userDefined": false}, {"text": "Kuka KR 6 AGILUS Hygienic Machine", "meta": "@Object", "alias": "objName", "userDefined": true}], "isTemplate": false, "count": 0, "lang": "en", "updated": 0}, {"id": "31bcb3d9-f3da-45f5-9c9d-de375358d22b", "data": [{"text": "Put in scene a ", "userDefined": false}, {"text": "Fanuc R-2000 ia", "meta": "@Object", "alias": "objName", "userDefined": true}], "isTemplate": false, "count": 0, "lang": "en", "updated": 0}, {"id": "59dbb506-60da-4a59-8e12-dc720214a202", "data": [{"text": "Add a ", "userDefined": false}, {"text": "Fanuc M-710 ic", "meta": "@Object", "alias": "objName", "userDefined": true}], "isTemplate": false, "count": 0, "lang": "en", "updated": 0}, {"id": "2c73d329-644d-4840-86a7-4b80a6159636", "data": [{"text": "Insert a ", "userDefined": false}, {"text": "Fanuc M-10 ia", "meta": "@Object", "alias": "objName", "userDefined": true}], "isTemplate": false, "count": 0, "lang": "en", "updated": 0}, {"id": "135f92f7-56e3-4291-8c94-2785e69b5c2d", "data": [{"text": "Insert an ", "userDefined": false}, {"text": "ABB IRB 7600", "meta": "@Object", "alias": "objName", "userDefined": true}], "isTemplate": false, "count": 0, "lang": "en", "updated": 0}, {"id": "6385ac02-00ac-4575-8300-c5cd28c678d6", "data": [{"text": "Add an ", "userDefined": false}, {"text": "ABB IRB 4600", "meta": "@Object", "alias": "objName", "userDefined": true}], "isTemplate": false, "count": 0, "lang": "en", "updated": 0}, {"id": "b03e2c28-fc9a-4f8c-b0e2-9e38e9f6015d", "data": [{"text": "Add an ", "userDefined": false}, {"text": "ABB IRB 2600", "meta": "@Object", "alias": "objName", "userDefined": true}], "isTemplate": false, "count": 0, "lang": "en", "updated": 0}, {"id": "99f9364d-dbd0-4f65-84f5-16435111006f", "data": [{"text": "Insert a ", "userDefined": false}, {"text": "box", "meta": "@Object", "alias": "objName", "userDefined": true}, {"text": " ", "userDefined": false}, {"text": "left of", "meta": "@Object", "alias": "posX", "userDefined": false}, {"text": " ", "userDefined": false}, {"text": "Chair2", "meta": "@Object", "alias": "posY", "userDefined": false}], "isTemplate": false, "count": 0, "lang": "en", "updated": 0}, {"id": "fdd015df-426f-47ae-95fb-e2332c47de11", "data": [{"text": "Add a ", "userDefined": false}, {"text": "table", "meta": "@Object", "alias": "objName", "userDefined": true}, {"text": " ", "userDefined": false}, {"text": "right of", "meta": "@Object", "alias": "posX", "userDefined": false}, {"text": " ", "userDefined": false}, {"text": "Table6", "meta": "@Object", "alias": "posY", "userDefined": false}], "isTemplate": false, "count": 0, "lang": "en", "updated": 0}, {"id": "bf8eca24-367a-4d1a-af4c-553086b973e8", "data": [{"text": "Insert a ", "userDefined": false}, {"text": "jug", "meta": "@Object", "alias": "objName", "userDefined": true}, {"text": " ", "userDefined": false}, {"text": "on", "meta": "@Object", "alias": "posX", "userDefined": false}, {"text": " ", "userDefined": false}, {"text": "Table7", "meta": "@Object", "alias": "posY", "userDefined": true}], "isTemplate": false, "count": 0, "lang": "en", "updated": 0}, {"id": "f3ba8431-3de6-40e7-8b7f-037fb77bb329", "data": [{"text": "Add a ", "userDefined": false}, {"text": "book", "meta": "@Object", "alias": "objName", "userDefined": true}, {"text": " ", "userDefined": false}, {"text": "on", "meta": "@Object", "alias": "posX", "userDefined": false}, {"text": " ", "userDefined": false}, {"text": "Chair3", "meta": "@Object", "alias": "posY", "userDefined": false}], "isTemplate": false, "count": 0, "lang": "en", "updated": 0}, {"id": "214d7403-951a-4d3b-a020-e5e5a6151fe3", "data": [{"text": "Add a ", "userDefined": false}, {"text": "candle", "meta": "@Object", "alias": "objName", "userDefined": true}, {"text": " ", "userDefined": false}, {"text": "on", "meta": "@Object", "alias": "posX", "userDefined": false}, {"text": " ", "userDefined": false}, {"text": "Box4", "meta": "@Object", "alias": "posY", "userDefined": false}], "isTemplate": false, "count": 0, "lang": "en", "updated": 0}, {"id": "9b9a64b5-50f6-483c-bca0-c518aaf7e905", "data": [{"text": "Put a ", "userDefined": false}, {"text": "bottle", "meta": "@Object", "alias": "objName", "userDefined": true}, {"text": " ", "userDefined": false}, {"text": "on", "meta": "@Object", "alias": "posX", "userDefined": false}, {"text": " ", "userDefined": false}, {"text": "Table0", "meta": "@Object", "alias": "posY", "userDefined": false}], "isTemplate": false, "count": 0, "lang": "en", "updated": 0}, {"id": "3cdb95a1-0eda-4350-b57f-105f97ab64fc", "data": [{"text": "Add a ", "userDefined": false}, {"text": "box", "meta": "@Object", "alias": "objName", "userDefined": true}, {"text": " ", "userDefined": false}, {"text": "behind", "meta": "@Object", "alias": "posY", "userDefined": false}, {"text": " on the ", "userDefined": false}, {"text": "left", "meta": "@Object", "alias": "posX", "userDefined": false}], "isTemplate": false, "count": 0, "lang": "en", "updated": 0}, {"id": "24ab719f-1a5a-4997-884e-a02cf358eb84", "data": [{"text": "Put a ", "userDefined": false}, {"text": "chair", "meta": "@Object", "alias": "objName", "userDefined": true}, {"text": " ", "userDefined": false}, {"text": "behind", "meta": "@Object", "alias": "posY", "userDefined": false}, {"text": " on the ", "userDefined": false}, {"text": "right", "meta": "@Object", "alias": "posX", "userDefined": false}], "isTemplate": false, "count": 0, "lang": "en", "updated": 0}, {"id": "c8fb35d7-0235-4211-b8db-83266a46f1f0", "data": [{"text": "Insert a ", "userDefined": false}, {"text": "box", "meta": "@Object", "alias": "objName", "userDefined": true}, {"text": " in ", "userDefined": false}, {"text": "front", "meta": "@Object", "alias": "posY", "userDefined": true}, {"text": " on ", "userDefined": false}, {"text": "left", "meta": "@Object", "alias": "posX", "userDefined": true}], "isTemplate": false, "count": 0, "lang": "en", "updated": 0}, {"id": "73f4f32f-bc69-49d2-86b4-2be771ccdda1", "data": [{"text": "Add a ", "userDefined": false}, {"text": "table", "meta": "@Object", "alias": "objName", "userDefined": true}, {"text": " in ", "userDefined": false}, {"text": "front", "meta": "@Object", "alias": "posY", "userDefined": true}, {"text": " on the ", "userDefined": false}, {"text": "right", "meta": "@Object", "alias": "posX", "userDefined": false}], "isTemplate": false, "count": 0, "lang": "en", "updated": 0}, {"id": "929998cc-8e05-4097-9a9f-14645735639d", "data": [{"text": "Add a ", "userDefined": false}, {"text": "table", "meta": "@Object", "alias": "objName", "userDefined": false}, {"text": " ", "userDefined": false}, {"text": "behind", "meta": "@Object", "alias": "posY", "userDefined": true}], "isTemplate": false, "count": 0, "lang": "en", "updated": 0}, {"id": "09b2bc63-10ac-41e2-9fce-f428733cd08d", "data": [{"text": "Insert a ", "userDefined": false}, {"text": "box", "meta": "@Object", "alias": "objName", "userDefined": true}, {"text": " in ", "userDefined": false}, {"text": "front", "meta": "@Object", "alias": "posY", "userDefined": false}], "isTemplate": false, "count": 0, "lang": "en", "updated": 0}, {"id": "675a72d4-4ead-4dd2-8330-983bf57527e7", "data": [{"text": "Add a ", "userDefined": false}, {"text": "chair", "meta": "@Object", "alias": "objName", "userDefined": true}, {"text": " on ", "userDefined": false}, {"text": "left", "meta": "@Object", "alias": "posX", "userDefined": false}], "isTemplate": false, "count": 0, "lang": "en", "updated": 0}, {"id": "11f0f704-c490-4eb9-877c-194356960f33", "data": [{"text": "Add a ", "userDefined": false}, {"text": "table", "meta": "@Object", "alias": "objName", "userDefined": true}, {"text": " on the ", "userDefined": false}, {"text": "right", "meta": "@Object", "alias": "posX", "userDefined": false}], "isTemplate": false, "count": 0, "lang": "en", "updated": 0}, {"id": "f930f980-bb8f-4079-aab6-9ec2b0514b54", "data": [{"text": "Add a ", "userDefined": false}, {"text": "jug", "meta": "@Object", "alias": "objName", "userDefined": true}], "isTemplate": false, "count": 0, "lang": "en", "updated": 0}, {"id": "4c16eaf7-262e-4557-9428-0314524e42f6", "data": [{"text": "Put a ", "userDefined": false}, {"text": "candle", "meta": "@Object", "alias": "objName", "userDefined": true}], "isTemplate": false, "count": 0, "lang": "en", "updated": 0}, {"id": "475ff7e9-1370-46d5-a82b-7668a9e611e1", "data": [{"text": "Insert a ", "userDefined": false}, {"text": "book", "meta": "@Object", "alias": "objName", "userDefined": true}], "isTemplate": false, "count": 0, "lang": "en", "updated": 0}, {"id": "eaad19c7-4c11-40ff-ba08-f3b7fa6021e0", "data": [{"text": "Add a ", "userDefined": false}, {"text": "bottle", "meta": "@Object", "alias": "objName", "userDefined": true}], "isTemplate": false, "count": 0, "lang": "en", "updated": 0}, {"id": "a2f05d9c-5bfe-432d-b6c7-a078fa1c9a9f", "data": [{"text": "Put a ", "userDefined": false}, {"text": "box", "meta": "@Object", "alias": "objName", "userDefined": true}], "isTemplate": false, "count": 0, "lang": "en", "updated": 0}, {"id": "86eaf7d9-e7b5-4e54-9196-a29afd6a43d3", "data": [{"text": "Insert a ", "userDefined": false}, {"text": "chair", "meta": "@Object", "alias": "objName", "userDefined": true}], "isTemplate": false, "count": 0, "lang": "en", "updated": 0}, {"id": "36438f49-234c-4ee2-80c5-779c8a16d770", "data": [{"text": "Add a ", "userDefined": false}, {"text": "table", "meta": "@Object", "alias": "objName", "userDefined": true}], "isTemplate": false, "count": 0, "lang": "en", "updated": 0}]