[{"id": "b986e7e6-9847-4026-8fcd-30d193348745", "data": [{"text": "just going to say hi", "userDefined": false}], "isTemplate": false, "count": 0, "lang": "en", "updated": 0}, {"id": "ed61f77d-dbea-41a5-b1a0-a91c1465ed9f", "data": [{"text": "heya", "userDefined": false}], "isTemplate": false, "count": 0, "lang": "en", "updated": 0}, {"id": "fb617fda-79cc-4933-83dc-fd7536f437fa", "data": [{"text": "hello hi", "userDefined": false}], "isTemplate": false, "count": 0, "lang": "en", "updated": 0}, {"id": "1bf1320f-9803-493a-9ac4-b73cce9f3f89", "data": [{"text": "howdy", "userDefined": false}], "isTemplate": false, "count": 0, "lang": "en", "updated": 0}, {"id": "d1eb2f61-c895-491d-88da-70865fce2f3a", "data": [{"text": "hey there", "userDefined": false}], "isTemplate": false, "count": 0, "lang": "en", "updated": 0}, {"id": "3f0bad63-715c-4c11-980b-2c6dfd990eff", "data": [{"text": "hi there", "userDefined": false}], "isTemplate": false, "count": 1, "lang": "en", "updated": 0}, {"id": "cf9de4e4-413e-4bfa-82e1-23ec0dcaf93d", "data": [{"text": "greetings", "userDefined": false}], "isTemplate": false, "count": 0, "lang": "en", "updated": 0}, {"id": "a5848539-a6bb-49a0-82d7-d423f5794f24", "data": [{"text": "hey", "userDefined": false}], "isTemplate": false, "count": 0, "lang": "en", "updated": 0}, {"id": "240a11dc-938a-4742-bedf-e64cc9cca035", "data": [{"text": "long time no see", "userDefined": false}], "isTemplate": false, "count": 0, "lang": "en", "updated": 0}, {"id": "aa782ccd-d77d-4885-b69f-df605bc06b22", "data": [{"text": "hello", "userDefined": false}], "isTemplate": false, "count": 0, "lang": "en", "updated": 0}, {"id": "aee8e54b-ec60-4b4b-841f-ce6494878d55", "data": [{"text": "lovely day isn't it", "userDefined": false}], "isTemplate": false, "count": 0, "lang": "en", "updated": 0}, {"id": "8ade6428-f1c6-4d38-ab4d-39836b762263", "data": [{"text": "I greet you", "userDefined": false}], "isTemplate": false, "count": 0, "lang": "en", "updated": 0}, {"id": "eddf1d71-d42d-499a-b97d-b0b612ad31ed", "data": [{"text": "hello again", "userDefined": false}], "isTemplate": false, "count": 0, "lang": "en", "updated": 0}, {"id": "d1c2e9ad-0a69-4bc9-8c2d-fb410bc492e4", "data": [{"text": "hi", "userDefined": false}], "isTemplate": false, "count": 0, "lang": "en", "updated": 0}, {"id": "d0c10446-9c4a-4aea-80ea-9fb79c330139", "data": [{"text": "hello there", "userDefined": false}], "isTemplate": false, "count": 0, "lang": "en", "updated": 0}, {"id": "72e4b782-67a6-4041-976a-5943127f8a7b", "data": [{"text": "a good day", "userDefined": false}], "isTemplate": false, "count": 0, "lang": "en", "updated": 0}]