[{"id": "881fdafc-3bed-4d00-aac5-8f37155bd8f0", "data": [{"text": "Finished!", "userDefined": false}], "isTemplate": false, "count": 0, "lang": "en", "updated": 0}, {"id": "66590a46-51dd-48d8-a754-78dbbcf355e2", "data": [{"text": "Exit", "userDefined": false}], "isTemplate": false, "count": 0, "lang": "en", "updated": 0}, {"id": "81536624-43bd-40ab-b58a-297d35430dac", "data": [{"text": "I want to exit", "userDefined": false}], "isTemplate": false, "count": 0, "lang": "en", "updated": 0}, {"id": "57003e02-dddd-46f3-9219-9cf94804a3dc", "data": [{"text": "I finished", "userDefined": false}], "isTemplate": false, "count": 0, "lang": "en", "updated": 0}]