[{"id": "ef90fb2f-edfe-426b-b2df-08935400093c", "data": [{"text": "Move ", "userDefined": false}, {"text": "Actor4", "meta": "@Actor", "alias": "ActorName", "userDefined": true}, {"text": " ", "userDefined": false}, {"text": "behind", "meta": "@Actor", "alias": "MoveDirection", "userDefined": false}], "isTemplate": false, "count": 0, "lang": "en", "updated": 0}, {"id": "d61423b0-5002-4af3-8cdc-639af112da11", "data": [{"text": "Move ", "userDefined": false}, {"text": "Actor3", "meta": "@Actor", "alias": "ActorName", "userDefined": true}, {"text": " in ", "userDefined": false}, {"text": "front", "meta": "@Actor", "alias": "MoveDirection", "userDefined": false}], "isTemplate": false, "count": 0, "lang": "en", "updated": 0}, {"id": "7ccaa8b7-6f75-4f02-9436-55b58f2be2cc", "data": [{"text": "Move ", "userDefined": false}, {"text": "Actor2", "meta": "@Actor", "alias": "ActorName", "userDefined": true}, {"text": " to the ", "userDefined": false}, {"text": "right", "meta": "@Actor", "alias": "MoveDirection", "userDefined": true}], "isTemplate": false, "count": 1, "lang": "en", "updated": 0}, {"id": "6e36bad8-94cd-41f4-9116-c006dd35ab92", "data": [{"text": "Move ", "userDefined": false}, {"text": "Actor1", "meta": "@Actor", "alias": "ActorName", "userDefined": true}, {"text": " to the ", "userDefined": false}, {"text": "left", "meta": "@Actor", "alias": "MoveDirection", "userDefined": true}], "isTemplate": false, "count": 0, "lang": "en", "updated": 0}]