[{"id": "63ec9289-a3e0-4612-93ff-b4c9dc3c6979", "data": [{"text": "Remove ", "userDefined": false}, {"text": "Yaskawa MA20100", "meta": "@Object", "alias": "object", "userDefined": false}], "isTemplate": false, "count": 0, "lang": "en", "updated": 0}, {"id": "5ab9ca59-638a-4f86-8352-27b623226369", "data": [{"text": "Remove ", "userDefined": false}, {"text": "Candle1", "meta": "@Object", "alias": "object", "userDefined": true}], "isTemplate": false, "count": 1, "lang": "en", "updated": 0}, {"id": "a3c86694-96b5-4a13-b460-bfe32fe7ff74", "data": [{"text": "Remove ", "userDefined": false}, {"text": "Book4", "meta": "@Object", "alias": "object", "userDefined": true}], "isTemplate": false, "count": 0, "lang": "en", "updated": 0}, {"id": "c85cef62-1e74-4b41-bd49-82a8e91748a9", "data": [{"text": "Remove ", "userDefined": false}, {"text": "Box8", "meta": "@Object", "alias": "object", "userDefined": true}], "isTemplate": false, "count": 0, "lang": "en", "updated": 0}, {"id": "f718a115-f14c-440d-b3a2-d19569cd6faf", "data": [{"text": "Remove ", "userDefined": false}, {"text": "Chair2", "meta": "@Object", "alias": "object", "userDefined": false}], "isTemplate": false, "count": 0, "lang": "en", "updated": 0}, {"id": "609bbb6c-a90b-4456-9db4-8f29659ee705", "data": [{"text": "Remove ", "userDefined": false}, {"text": "Table3", "meta": "@Object", "alias": "object", "userDefined": true}], "isTemplate": false, "count": 0, "lang": "en", "updated": 0}]