[{"id": "d4c6b6e5-5e0d-4f75-bfac-590d49c04f99", "data": [{"text": "This is to understand how it works", "userDefined": false}], "isTemplate": false, "count": 0, "lang": "en", "updated": 0}, {"id": "978b4ba8-6198-4cd7-97de-24437ec33765", "data": [{"text": "Let's try it", "userDefined": false}], "isTemplate": false, "count": 0, "lang": "en", "updated": 0}, {"id": "3353263c-d1e5-4d10-8de8-ac3a5073c4ec", "data": [{"text": "This is just a try", "userDefined": false}], "isTemplate": false, "count": 0, "lang": "en", "updated": 0}]